target,model,feature,importance
lactate_abnormal,logistic_l2,hr,0.07838159066602653
lactate_abnormal,logistic_l2,sdnn,0.22844969446041724
lactate_abnormal,logistic_l2,rmssd,0.33388061069395625
lactate_abnormal,logistic_l2,pnn50,0.14284300733958566
lactate_abnormal,logistic_l2,n_rr,0.14073586395027124
lactate_abnormal,logistic_l2,ecg_max,0.08259790130156114
lactate_abnormal,logistic_l2,ecg_min,0.060078040969635045
lactate_abnormal,logistic_l2,ecg_ptp,0.020849044726215654
lactate_abnormal,logistic_l2,ecg_rms,0.12062257447282328
lactate_abnormal,logistic_l2,ecg_skewness,0.00815479258435315
lactate_abnormal,logistic_l2,ecg_kurtosis,0.0809219853681163
lactate_abnormal,logistic_l2,ecg_zero_crossing_rate,0.16323163064857962
lactate_abnormal,logistic_l2,ecg_mean_abs,0.1986395960028177
lactate_abnormal,logistic_l2,ecg_total_power,0.08426310189752978
lactate_abnormal,logistic_l2,ecg_vlf_power,0.0
lactate_abnormal,logistic_l2,ecg_lf_power,0.12639739266762398
lactate_abnormal,logistic_l2,ecg_hf_power,0.0310460839425228
lactate_abnormal,logistic_l2,ecg_vlf_norm,0.0
lactate_abnormal,logistic_l2,ecg_lf_norm,0.09568726408932032
lactate_abnormal,logistic_l2,ecg_hf_norm,0.037559647657726
lactate_abnormal,logistic_l2,ecg_lf_hf_ratio,0.08629969423283113
lactate_abnormal,logistic_l2,ecg_spectral_centroid,0.09429060396040465
lactate_abnormal,logistic_l1,hr,0.03824203833937645
lactate_abnormal,logistic_l1,sdnn,0.0
lactate_abnormal,logistic_l1,rmssd,0.09896136820316315
lactate_abnormal,logistic_l1,pnn50,0.12299452722072601
lactate_abnormal,logistic_l1,n_rr,0.08296869695186615
lactate_abnormal,logistic_l1,ecg_max,0.0
lactate_abnormal,logistic_l1,ecg_min,0.05038365349173546
lactate_abnormal,logistic_l1,ecg_ptp,0.0
lactate_abnormal,logistic_l1,ecg_rms,0.11084623634815216
lactate_abnormal,logistic_l1,ecg_skewness,0.04888061806559563
lactate_abnormal,logistic_l1,ecg_kurtosis,0.0042810263112187386
lactate_abnormal,logistic_l1,ecg_zero_crossing_rate,0.14743374288082123
lactate_abnormal,logistic_l1,ecg_mean_abs,0.11601625382900238
lactate_abnormal,logistic_l1,ecg_total_power,0.0775919258594513
lactate_abnormal,logistic_l1,ecg_vlf_power,0.0
lactate_abnormal,logistic_l1,ecg_lf_power,0.06850707530975342
lactate_abnormal,logistic_l1,ecg_hf_power,0.0
lactate_abnormal,logistic_l1,ecg_vlf_norm,0.0
lactate_abnormal,logistic_l1,ecg_lf_norm,0.027520474046468735
lactate_abnormal,logistic_l1,ecg_hf_norm,0.0
lactate_abnormal,logistic_l1,ecg_lf_hf_ratio,0.07805384695529938
lactate_abnormal,logistic_l1,ecg_spectral_centroid,0.04866660013794899
lactate_abnormal,random_forest,hr,0.027431892595214127
lactate_abnormal,random_forest,sdnn,0.052024250667607
lactate_abnormal,random_forest,rmssd,0.041718172301803746
lactate_abnormal,random_forest,pnn50,0.02867313677540572
lactate_abnormal,random_forest,n_rr,0.0294682169314067
lactate_abnormal,random_forest,ecg_max,0.05798728205364555
lactate_abnormal,random_forest,ecg_min,0.07601517304853793
lactate_abnormal,random_forest,ecg_ptp,0.07128666990368797
lactate_abnormal,random_forest,ecg_rms,0.0027667227856373153
lactate_abnormal,random_forest,ecg_skewness,0.06587553998348009
lactate_abnormal,random_forest,ecg_kurtosis,0.05221099181275263
lactate_abnormal,random_forest,ecg_zero_crossing_rate,0.05422064009745742
lactate_abnormal,random_forest,ecg_mean_abs,0.0694086763979756
lactate_abnormal,random_forest,ecg_total_power,0.053633169312116015
lactate_abnormal,random_forest,ecg_vlf_power,0.0
lactate_abnormal,random_forest,ecg_lf_power,0.05413815440835882
lactate_abnormal,random_forest,ecg_hf_power,0.044377929091739356
lactate_abnormal,random_forest,ecg_vlf_norm,0.0
lactate_abnormal,random_forest,ecg_lf_norm,0.056129657723705983
lactate_abnormal,random_forest,ecg_hf_norm,0.04494326077074737
lactate_abnormal,random_forest,ecg_lf_hf_ratio,0.05395732251398069
lactate_abnormal,random_forest,ecg_spectral_centroid,0.06373314082474
lactate_abnormal,mlp,hr,0.0
lactate_abnormal,mlp,sdnn,0.0
lactate_abnormal,mlp,rmssd,0.0
lactate_abnormal,mlp,pnn50,0.0
lactate_abnormal,mlp,n_rr,0.0
lactate_abnormal,mlp,ecg_max,0.0
lactate_abnormal,mlp,ecg_min,0.0
lactate_abnormal,mlp,ecg_ptp,0.0
lactate_abnormal,mlp,ecg_rms,0.0
lactate_abnormal,mlp,ecg_skewness,0.0
lactate_abnormal,mlp,ecg_kurtosis,0.0
lactate_abnormal,mlp,ecg_zero_crossing_rate,0.0
lactate_abnormal,mlp,ecg_mean_abs,0.0
lactate_abnormal,mlp,ecg_total_power,0.0
lactate_abnormal,mlp,ecg_vlf_power,0.0
lactate_abnormal,mlp,ecg_lf_power,0.0
lactate_abnormal,mlp,ecg_hf_power,0.0
lactate_abnormal,mlp,ecg_vlf_norm,0.0
lactate_abnormal,mlp,ecg_lf_norm,0.0
lactate_abnormal,mlp,ecg_hf_norm,0.0
lactate_abnormal,mlp,ecg_lf_hf_ratio,0.0
lactate_abnormal,mlp,ecg_spectral_centroid,0.0
troponin_abnormal,logistic_l2,hr,0.18956263152095373
troponin_abnormal,logistic_l2,sdnn,0.029043467738085405
troponin_abnormal,logistic_l2,rmssd,0.09822861360162886
troponin_abnormal,logistic_l2,pnn50,0.08808241029489453
troponin_abnormal,logistic_l2,n_rr,0.2138379997730758
troponin_abnormal,logistic_l2,ecg_max,0.4149623302290492
troponin_abnormal,logistic_l2,ecg_min,0.21610130419772317
troponin_abnormal,logistic_l2,ecg_ptp,0.19664889687008275
troponin_abnormal,logistic_l2,ecg_rms,0.0820131940898259
troponin_abnormal,logistic_l2,ecg_skewness,0.42213840176113077
troponin_abnormal,logistic_l2,ecg_kurtosis,0.19689136017944864
troponin_abnormal,logistic_l2,ecg_zero_crossing_rate,0.3789742517525163
troponin_abnormal,logistic_l2,ecg_mean_abs,0.06379452564011426
troponin_abnormal,logistic_l2,ecg_total_power,0.020023685491899285
troponin_abnormal,logistic_l2,ecg_vlf_power,0.0
troponin_abnormal,logistic_l2,ecg_lf_power,0.24301160498452484
troponin_abnormal,logistic_l2,ecg_hf_power,0.25690483542581494
troponin_abnormal,logistic_l2,ecg_vlf_norm,0.0
troponin_abnormal,logistic_l2,ecg_lf_norm,0.15488378017256216
troponin_abnormal,logistic_l2,ecg_hf_norm,0.0422947018303185
troponin_abnormal,logistic_l2,ecg_lf_hf_ratio,0.07206532659143622
troponin_abnormal,logistic_l2,ecg_spectral_centroid,0.20895000817892856
troponin_abnormal,logistic_l1,hr,0.14242100715637207
troponin_abnormal,logistic_l1,sdnn,0.0
troponin_abnormal,logistic_l1,rmssd,0.00938722025603056
troponin_abnormal,logistic_l1,pnn50,0.01937619037926197
troponin_abnormal,logistic_l1,n_rr,0.2546001374721527
troponin_abnormal,logistic_l1,ecg_max,0.33711177110671997
troponin_abnormal,logistic_l1,ecg_min,0.0
troponin_abnormal,logistic_l1,ecg_ptp,0.0
troponin_abnormal,logistic_l1,ecg_rms,0.06781650334596634
troponin_abnormal,logistic_l1,ecg_skewness,0.19418135285377502
troponin_abnormal,logistic_l1,ecg_kurtosis,0.13026757538318634
troponin_abnormal,logistic_l1,ecg_zero_crossing_rate,0.3026537299156189
troponin_abnormal,logistic_l1,ecg_mean_abs,0.0
troponin_abnormal,logistic_l1,ecg_total_power,0.0006437223637476563
troponin_abnormal,logistic_l1,ecg_vlf_power,0.0
troponin_abnormal,logistic_l1,ecg_lf_power,0.14619523286819458
troponin_abnormal,logistic_l1,ecg_hf_power,0.12152302265167236
troponin_abnormal,logistic_l1,ecg_vlf_norm,0.0
troponin_abnormal,logistic_l1,ecg_lf_norm,0.09270066022872925
troponin_abnormal,logistic_l1,ecg_hf_norm,0.0
troponin_abnormal,logistic_l1,ecg_lf_hf_ratio,0.01768447645008564
troponin_abnormal,logistic_l1,ecg_spectral_centroid,0.06938863545656204
troponin_abnormal,random_forest,hr,0.031012415865955753
troponin_abnormal,random_forest,sdnn,0.041299010834116606
troponin_abnormal,random_forest,rmssd,0.0346935282581253
troponin_abnormal,random_forest,pnn50,0.02097770152283453
troponin_abnormal,random_forest,n_rr,0.0448806334900037
troponin_abnormal,random_forest,ecg_max,0.08793326380745514
troponin_abnormal,random_forest,ecg_min,0.05895093372662849
troponin_abnormal,random_forest,ecg_ptp,0.05952117146331371
troponin_abnormal,random_forest,ecg_rms,0.00334321499582656
troponin_abnormal,random_forest,ecg_skewness,0.06093809420098551
troponin_abnormal,random_forest,ecg_kurtosis,0.04789782686281402
troponin_abnormal,random_forest,ecg_zero_crossing_rate,0.06362716067944137
troponin_abnormal,random_forest,ecg_mean_abs,0.05044596802103589
troponin_abnormal,random_forest,ecg_total_power,0.0796678258032622
troponin_abnormal,random_forest,ecg_vlf_power,0.0
troponin_abnormal,random_forest,ecg_lf_power,0.053992674821358735
troponin_abnormal,random_forest,ecg_hf_power,0.046991538871553225
troponin_abnormal,random_forest,ecg_vlf_norm,0.0
troponin_abnormal,random_forest,ecg_lf_norm,0.056075241823923976
troponin_abnormal,random_forest,ecg_hf_norm,0.04593630970868506
troponin_abnormal,random_forest,ecg_lf_hf_ratio,0.051435423931050564
troponin_abnormal,random_forest,ecg_spectral_centroid,0.06038006131162958
troponin_abnormal,mlp,hr,0.0
troponin_abnormal,mlp,sdnn,0.0
troponin_abnormal,mlp,rmssd,0.0
troponin_abnormal,mlp,pnn50,0.0
troponin_abnormal,mlp,n_rr,0.0
troponin_abnormal,mlp,ecg_max,0.0
troponin_abnormal,mlp,ecg_min,0.0
troponin_abnormal,mlp,ecg_ptp,0.0
troponin_abnormal,mlp,ecg_rms,0.0
troponin_abnormal,mlp,ecg_skewness,0.0
troponin_abnormal,mlp,ecg_kurtosis,0.0
troponin_abnormal,mlp,ecg_zero_crossing_rate,0.0
troponin_abnormal,mlp,ecg_mean_abs,0.0
troponin_abnormal,mlp,ecg_total_power,0.0
troponin_abnormal,mlp,ecg_vlf_power,0.0
troponin_abnormal,mlp,ecg_lf_power,0.0
troponin_abnormal,mlp,ecg_hf_power,0.0
troponin_abnormal,mlp,ecg_vlf_norm,0.0
troponin_abnormal,mlp,ecg_lf_norm,0.0
troponin_abnormal,mlp,ecg_hf_norm,0.0
troponin_abnormal,mlp,ecg_lf_hf_ratio,0.0
troponin_abnormal,mlp,ecg_spectral_centroid,0.0
glucose_abnormal,logistic_l2,hr,0.0378737831855057
glucose_abnormal,logistic_l2,sdnn,1.0775631835787791
glucose_abnormal,logistic_l2,rmssd,1.0684315319856537
glucose_abnormal,logistic_l2,pnn50,0.06394771323639974
glucose_abnormal,logistic_l2,n_rr,0.3500162688701292
glucose_abnormal,logistic_l2,ecg_max,0.22975031000607288
glucose_abnormal,logistic_l2,ecg_min,0.045705590351191344
glucose_abnormal,logistic_l2,ecg_ptp,0.14629049209530856
glucose_abnormal,logistic_l2,ecg_rms,0.20354356304206692
glucose_abnormal,logistic_l2,ecg_skewness,0.3184289896900311
glucose_abnormal,logistic_l2,ecg_kurtosis,0.3024405360015733
glucose_abnormal,logistic_l2,ecg_zero_crossing_rate,0.5991410241801578
glucose_abnormal,logistic_l2,ecg_mean_abs,0.09565521970049928
glucose_abnormal,logistic_l2,ecg_total_power,0.008483713876367562
glucose_abnormal,logistic_l2,ecg_vlf_power,0.0
glucose_abnormal,logistic_l2,ecg_lf_power,0.20779655087593726
glucose_abnormal,logistic_l2,ecg_hf_power,0.16356684363393773
glucose_abnormal,logistic_l2,ecg_vlf_norm,0.0
glucose_abnormal,logistic_l2,ecg_lf_norm,0.010469859179139255
glucose_abnormal,logistic_l2,ecg_hf_norm,0.0643267896330164
glucose_abnormal,logistic_l2,ecg_lf_hf_ratio,0.2088465456144153
glucose_abnormal,logistic_l2,ecg_spectral_centroid,0.34112127179665985
glucose_abnormal,logistic_l1,hr,0.004919386003166437
glucose_abnormal,logistic_l1,sdnn,0.8172014951705933
glucose_abnormal,logistic_l1,rmssd,0.8257637023925781
glucose_abnormal,logistic_l1,pnn50,0.04448409751057625
glucose_abnormal,logistic_l1,n_rr,0.2055155634880066
glucose_abnormal,logistic_l1,ecg_max,0.0
glucose_abnormal,logistic_l1,ecg_min,0.0
glucose_abnormal,logistic_l1,ecg_ptp,0.0
glucose_abnormal,logistic_l1,ecg_rms,0.16167746484279633
glucose_abnormal,logistic_l1,ecg_skewness,0.08797764778137207
glucose_abnormal,logistic_l1,ecg_kurtosis,0.1363072395324707
glucose_abnormal,logistic_l1,ecg_zero_crossing_rate,0.5134617686271667
glucose_abnormal,logistic_l1,ecg_mean_abs,0.018497616052627563
glucose_abnormal,logistic_l1,ecg_total_power,0.005047134589403868
glucose_abnormal,logistic_l1,ecg_vlf_power,0.0
glucose_abnormal,logistic_l1,ecg_lf_power,0.10082386434078217
glucose_abnormal,logistic_l1,ecg_hf_power,0.02133619599044323
glucose_abnormal,logistic_l1,ecg_vlf_norm,0.0
glucose_abnormal,logistic_l1,ecg_lf_norm,0.0
glucose_abnormal,logistic_l1,ecg_hf_norm,0.0
glucose_abnormal,logistic_l1,ecg_lf_hf_ratio,0.1032099574804306
glucose_abnormal,logistic_l1,ecg_spectral_centroid,0.2958366274833679
glucose_abnormal,random_forest,hr,0.03573818625849461
glucose_abnormal,random_forest,sdnn,0.045233207008234896
glucose_abnormal,random_forest,rmssd,0.05092312666861964
glucose_abnormal,random_forest,pnn50,0.021970862884536344
glucose_abnormal,random_forest,n_rr,0.037175103646312976
glucose_abnormal,random_forest,ecg_max,0.062244047526226996
glucose_abnormal,random_forest,ecg_min,0.04663381558250039
glucose_abnormal,random_forest,ecg_ptp,0.059754737326537424
glucose_abnormal,random_forest,ecg_rms,0.0034897243693740236
glucose_abnormal,random_forest,ecg_skewness,0.07039813412463922
glucose_abnormal,random_forest,ecg_kurtosis,0.058448367867179836
glucose_abnormal,random_forest,ecg_zero_crossing_rate,0.06382177086618804
glucose_abnormal,random_forest,ecg_mean_abs,0.05506270295086867
glucose_abnormal,random_forest,ecg_total_power,0.057775698036946176
glucose_abnormal,random_forest,ecg_vlf_power,0.0
glucose_abnormal,random_forest,ecg_lf_power,0.05588062165545219
glucose_abnormal,random_forest,ecg_hf_power,0.04866151343948454
glucose_abnormal,random_forest,ecg_vlf_norm,0.0
glucose_abnormal,random_forest,ecg_lf_norm,0.052022213635282324
glucose_abnormal,random_forest,ecg_hf_norm,0.04012629340586086
glucose_abnormal,random_forest,ecg_lf_hf_ratio,0.062119509413744285
glucose_abnormal,random_forest,ecg_spectral_centroid,0.07252036333351666
glucose_abnormal,mlp,hr,0.0
glucose_abnormal,mlp,sdnn,0.0
glucose_abnormal,mlp,rmssd,0.0
glucose_abnormal,mlp,pnn50,0.0
glucose_abnormal,mlp,n_rr,0.0
glucose_abnormal,mlp,ecg_max,0.0
glucose_abnormal,mlp,ecg_min,0.0
glucose_abnormal,mlp,ecg_ptp,0.0
glucose_abnormal,mlp,ecg_rms,0.0
glucose_abnormal,mlp,ecg_skewness,0.0
glucose_abnormal,mlp,ecg_kurtosis,0.0
glucose_abnormal,mlp,ecg_zero_crossing_rate,0.0
glucose_abnormal,mlp,ecg_mean_abs,0.0
glucose_abnormal,mlp,ecg_total_power,0.0
glucose_abnormal,mlp,ecg_vlf_power,0.0
glucose_abnormal,mlp,ecg_lf_power,0.0
glucose_abnormal,mlp,ecg_hf_power,0.0
glucose_abnormal,mlp,ecg_vlf_norm,0.0
glucose_abnormal,mlp,ecg_lf_norm,0.0
glucose_abnormal,mlp,ecg_hf_norm,0.0
glucose_abnormal,mlp,ecg_lf_hf_ratio,0.0
glucose_abnormal,mlp,ecg_spectral_centroid,0.0
po2_abnormal,logistic_l2,hr,0.4975704466027994
po2_abnormal,logistic_l2,sdnn,0.04743123548517054
po2_abnormal,logistic_l2,rmssd,0.024539096951010527
po2_abnormal,logistic_l2,pnn50,0.016911301903900642
po2_abnormal,logistic_l2,n_rr,0.46750029761112666
po2_abnormal,logistic_l2,ecg_max,0.41464846629070207
po2_abnormal,logistic_l2,ecg_min,0.08577289319998932
po2_abnormal,logistic_l2,ecg_ptp,0.39981837808905063
po2_abnormal,logistic_l2,ecg_rms,0.17190948412865198
po2_abnormal,logistic_l2,ecg_skewness,0.030205193960048428
po2_abnormal,logistic_l2,ecg_kurtosis,0.5782813436729523
po2_abnormal,logistic_l2,ecg_zero_crossing_rate,0.022051667546103416
po2_abnormal,logistic_l2,ecg_mean_abs,0.11000380920297816
po2_abnormal,logistic_l2,ecg_total_power,0.12412954421171911
po2_abnormal,logistic_l2,ecg_vlf_power,0.0
po2_abnormal,logistic_l2,ecg_lf_power,0.24191171853965254
po2_abnormal,logistic_l2,ecg_hf_power,0.4014120515692216
po2_abnormal,logistic_l2,ecg_vlf_norm,0.0
po2_abnormal,logistic_l2,ecg_lf_norm,0.17271705581941288
po2_abnormal,logistic_l2,ecg_hf_norm,0.48397194880832095
po2_abnormal,logistic_l2,ecg_lf_hf_ratio,0.00010338110478903503
po2_abnormal,logistic_l2,ecg_spectral_centroid,0.5110512949404585
po2_abnormal,logistic_l1,hr,0.4340853691101074
po2_abnormal,logistic_l1,sdnn,0.050673212856054306
po2_abnormal,logistic_l1,rmssd,0.004411178175359964
po2_abnormal,logistic_l1,pnn50,0.0
po2_abnormal,logistic_l1,n_rr,0.3783423900604248
po2_abnormal,logistic_l1,ecg_max,0.2019493579864502
po2_abnormal,logistic_l1,ecg_min,0.0
po2_abnormal,logistic_l1,ecg_ptp,0.4134098291397095
po2_abnormal,logistic_l1,ecg_rms,0.15505164861679077
po2_abnormal,logistic_l1,ecg_skewness,0.0
po2_abnormal,logistic_l1,ecg_kurtosis,0.4048549234867096
po2_abnormal,logistic_l1,ecg_zero_crossing_rate,0.0
po2_abnormal,logistic_l1,ecg_mean_abs,0.07199838012456894
po2_abnormal,logistic_l1,ecg_total_power,0.10353653132915497
po2_abnormal,logistic_l1,ecg_vlf_power,0.0
po2_abnormal,logistic_l1,ecg_lf_power,0.19135770201683044
po2_abnormal,logistic_l1,ecg_hf_power,0.28168684244155884
po2_abnormal,logistic_l1,ecg_vlf_norm,0.0
po2_abnormal,logistic_l1,ecg_lf_norm,0.08350173383951187
po2_abnormal,logistic_l1,ecg_hf_norm,0.34258589148521423
po2_abnormal,logistic_l1,ecg_lf_hf_ratio,0.010002773255109787
po2_abnormal,logistic_l1,ecg_spectral_centroid,0.42526593804359436
po2_abnormal,random_forest,hr,0.06280214920118597
po2_abnormal,random_forest,sdnn,0.04874993518812393
po2_abnormal,random_forest,rmssd,0.036334181070736826
po2_abnormal,random_forest,pnn50,0.024774475862152368
po2_abnormal,random_forest,n_rr,0.03465751761948269
po2_abnormal,random_forest,ecg_max,0.052076217772492106
po2_abnormal,random_forest,ecg_min,0.058594469383466755
po2_abnormal,random_forest,ecg_ptp,0.049095148091863466
po2_abnormal,random_forest,ecg_rms,0.00842980286504891
po2_abnormal,random_forest,ecg_skewness,0.04777253008906588
po2_abnormal,random_forest,ecg_kurtosis,0.0433752895726139
po2_abnormal,random_forest,ecg_zero_crossing_rate,0.08159271785903983
po2_abnormal,random_forest,ecg_mean_abs,0.05270949443456536
po2_abnormal,random_forest,ecg_total_power,0.07629838733539797
po2_abnormal,random_forest,ecg_vlf_power,0.0
po2_abnormal,random_forest,ecg_lf_power,0.04956926048875545
po2_abnormal,random_forest,ecg_hf_power,0.05167980836126078
po2_abnormal,random_forest,ecg_vlf_norm,0.0
po2_abnormal,random_forest,ecg_lf_norm,0.050312325035996815
po2_abnormal,random_forest,ecg_hf_norm,0.04725378864887445
po2_abnormal,random_forest,ecg_lf_hf_ratio,0.051117756927373005
po2_abnormal,random_forest,ecg_spectral_centroid,0.07280474419250367
po2_abnormal,mlp,hr,0.0
po2_abnormal,mlp,sdnn,0.0
po2_abnormal,mlp,rmssd,0.0
po2_abnormal,mlp,pnn50,0.0
po2_abnormal,mlp,n_rr,0.0
po2_abnormal,mlp,ecg_max,0.0
po2_abnormal,mlp,ecg_min,0.0
po2_abnormal,mlp,ecg_ptp,0.0
po2_abnormal,mlp,ecg_rms,0.0
po2_abnormal,mlp,ecg_skewness,0.0
po2_abnormal,mlp,ecg_kurtosis,0.0
po2_abnormal,mlp,ecg_zero_crossing_rate,0.0
po2_abnormal,mlp,ecg_mean_abs,0.0
po2_abnormal,mlp,ecg_total_power,0.0
po2_abnormal,mlp,ecg_vlf_power,0.0
po2_abnormal,mlp,ecg_lf_power,0.0
po2_abnormal,mlp,ecg_hf_power,0.0
po2_abnormal,mlp,ecg_vlf_norm,0.0
po2_abnormal,mlp,ecg_lf_norm,0.0
po2_abnormal,mlp,ecg_hf_norm,0.0
po2_abnormal,mlp,ecg_lf_hf_ratio,0.0
po2_abnormal,mlp,ecg_spectral_centroid,0.0
pco2_abnormal,logistic_l2,hr,0.17346987989472634
pco2_abnormal,logistic_l2,sdnn,0.3533014685333221
pco2_abnormal,logistic_l2,rmssd,0.6526923505787748
pco2_abnormal,logistic_l2,pnn50,0.15443399071610991
pco2_abnormal,logistic_l2,n_rr,0.02607735793862929
pco2_abnormal,logistic_l2,ecg_max,0.3661298764117447
pco2_abnormal,logistic_l2,ecg_min,0.3565820989552085
pco2_abnormal,logistic_l2,ecg_ptp,0.008069635499538978
pco2_abnormal,logistic_l2,ecg_rms,0.06004739699245296
pco2_abnormal,logistic_l2,ecg_skewness,0.38362836821577795
pco2_abnormal,logistic_l2,ecg_kurtosis,0.09729201628587962
pco2_abnormal,logistic_l2,ecg_zero_crossing_rate,0.1289029014948373
pco2_abnormal,logistic_l2,ecg_mean_abs,0.1630351908000667
pco2_abnormal,logistic_l2,ecg_total_power,0.2823231387484712
pco2_abnormal,logistic_l2,ecg_vlf_power,0.0
pco2_abnormal,logistic_l2,ecg_lf_power,0.18780434171073895
pco2_abnormal,logistic_l2,ecg_hf_power,0.14309120315293944
pco2_abnormal,logistic_l2,ecg_vlf_norm,0.0
pco2_abnormal,logistic_l2,ecg_lf_norm,0.13395765978142346
pco2_abnormal,logistic_l2,ecg_hf_norm,0.07769758843601253
pco2_abnormal,logistic_l2,ecg_lf_hf_ratio,0.11956435010650308
pco2_abnormal,logistic_l2,ecg_spectral_centroid,0.24344967360338277
pco2_abnormal,logistic_l1,hr,0.09411033987998962
pco2_abnormal,logistic_l1,sdnn,0.00872333999723196
pco2_abnormal,logistic_l1,rmssd,0.22688733041286469
pco2_abnormal,logistic_l1,pnn50,0.04629483073949814
pco2_abnormal,logistic_l1,n_rr,0.01059312466531992
pco2_abnormal,logistic_l1,ecg_max,0.16500453650951385
pco2_abnormal,logistic_l1,ecg_min,0.16769322752952576
pco2_abnormal,logistic_l1,ecg_ptp,0.00012378822430036962
pco2_abnormal,logistic_l1,ecg_rms,0.021254247054457664
pco2_abnormal,logistic_l1,ecg_skewness,0.1786951869726181
pco2_abnormal,logistic_l1,ecg_kurtosis,0.1571839153766632
pco2_abnormal,logistic_l1,ecg_zero_crossing_rate,0.0005865471321158111
pco2_abnormal,logistic_l1,ecg_mean_abs,0.10566974431276321
pco2_abnormal,logistic_l1,ecg_total_power,0.25778651237487793
pco2_abnormal,logistic_l1,ecg_vlf_power,0.0
pco2_abnormal,logistic_l1,ecg_lf_power,0.10179967433214188
pco2_abnormal,logistic_l1,ecg_hf_power,0.15578126907348633
pco2_abnormal,logistic_l1,ecg_vlf_norm,0.0
pco2_abnormal,logistic_l1,ecg_lf_norm,0.03386782109737396
pco2_abnormal,logistic_l1,ecg_hf_norm,0.01277028676122427
pco2_abnormal,logistic_l1,ecg_lf_hf_ratio,0.07807765901088715
pco2_abnormal,logistic_l1,ecg_spectral_centroid,0.11366946250200272
pco2_abnormal,random_forest,hr,0.028449774739786316
pco2_abnormal,random_forest,sdnn,0.04928225385240332
pco2_abnormal,random_forest,rmssd,0.04106205683341148
pco2_abnormal,random_forest,pnn50,0.028631738292342716
pco2_abnormal,random_forest,n_rr,0.030902003461571084
pco2_abnormal,random_forest,ecg_max,0.0608200316795423
pco2_abnormal,random_forest,ecg_min,0.059307196547907864
pco2_abnormal,random_forest,ecg_ptp,0.04934339222245036
pco2_abnormal,random_forest,ecg_rms,0.004505647107720913
pco2_abnormal,random_forest,ecg_skewness,0.060005170810365216
pco2_abnormal,random_forest,ecg_kurtosis,0.049986362410641645
pco2_abnormal,random_forest,ecg_zero_crossing_rate,0.0474739847036947
pco2_abnormal,random_forest,ecg_mean_abs,0.04717598216428601
pco2_abnormal,random_forest,ecg_total_power,0.08520514178273528
pco2_abnormal,random_forest,ecg_vlf_power,0.0
pco2_abnormal,random_forest,ecg_lf_power,0.04871733710087749
pco2_abnormal,random_forest,ecg_hf_power,0.061929382568899835
pco2_abnormal,random_forest,ecg_vlf_norm,0.0
pco2_abnormal,random_forest,ecg_lf_norm,0.051714585645396056
pco2_abnormal,random_forest,ecg_hf_norm,0.05639072304164253
pco2_abnormal,random_forest,ecg_lf_hf_ratio,0.07578710972334861
pco2_abnormal,random_forest,ecg_spectral_centroid,0.06331012531097652
pco2_abnormal,mlp,hr,0.0
pco2_abnormal,mlp,sdnn,0.0
pco2_abnormal,mlp,rmssd,0.0
pco2_abnormal,mlp,pnn50,0.0
pco2_abnormal,mlp,n_rr,0.0
pco2_abnormal,mlp,ecg_max,0.0
pco2_abnormal,mlp,ecg_min,0.0
pco2_abnormal,mlp,ecg_ptp,0.0
pco2_abnormal,mlp,ecg_rms,0.0
pco2_abnormal,mlp,ecg_skewness,0.0
pco2_abnormal,mlp,ecg_kurtosis,0.0
pco2_abnormal,mlp,ecg_zero_crossing_rate,0.0
pco2_abnormal,mlp,ecg_mean_abs,0.0
pco2_abnormal,mlp,ecg_total_power,0.0
pco2_abnormal,mlp,ecg_vlf_power,0.0
pco2_abnormal,mlp,ecg_lf_power,0.0
pco2_abnormal,mlp,ecg_hf_power,0.0
pco2_abnormal,mlp,ecg_vlf_norm,0.0
pco2_abnormal,mlp,ecg_lf_norm,0.0
pco2_abnormal,mlp,ecg_hf_norm,0.0
pco2_abnormal,mlp,ecg_lf_hf_ratio,0.0
pco2_abnormal,mlp,ecg_spectral_centroid,0.0
hemoglobin_low,logistic_l2,hr,0.16771908314332853
hemoglobin_low,logistic_l2,sdnn,0.10474986765934081
hemoglobin_low,logistic_l2,rmssd,0.037707991977753465
hemoglobin_low,logistic_l2,pnn50,0.15583950845101663
hemoglobin_low,logistic_l2,n_rr,0.10621729199867824
hemoglobin_low,logistic_l2,ecg_max,0.2751381881645232
hemoglobin_low,logistic_l2,ecg_min,0.19304460419484082
hemoglobin_low,logistic_l2,ecg_ptp,0.3604663871134883
hemoglobin_low,logistic_l2,ecg_rms,0.2954200808624959
hemoglobin_low,logistic_l2,ecg_skewness,1.0065011054051078
hemoglobin_low,logistic_l2,ecg_kurtosis,1.6791589622550658
hemoglobin_low,logistic_l2,ecg_zero_crossing_rate,0.6370026132264686
hemoglobin_low,logistic_l2,ecg_mean_abs,0.16940565599867607
hemoglobin_low,logistic_l2,ecg_total_power,0.1908905303602573
hemoglobin_low,logistic_l2,ecg_vlf_power,0.0
hemoglobin_low,logistic_l2,ecg_lf_power,0.03809453742818362
hemoglobin_low,logistic_l2,ecg_hf_power,7.053799390243276e-05
hemoglobin_low,logistic_l2,ecg_vlf_norm,0.0
hemoglobin_low,logistic_l2,ecg_lf_norm,0.6009700485871428
hemoglobin_low,logistic_l2,ecg_hf_norm,0.22067462639157273
hemoglobin_low,logistic_l2,ecg_lf_hf_ratio,0.2373881247531341
hemoglobin_low,logistic_l2,ecg_spectral_centroid,0.6386995577827855
hemoglobin_low,logistic_l1,hr,0.11876823008060455
hemoglobin_low,logistic_l1,sdnn,0.07332511246204376
hemoglobin_low,logistic_l1,rmssd,0.04429493471980095
hemoglobin_low,logistic_l1,pnn50,0.14598898589611053
hemoglobin_low,logistic_l1,n_rr,0.05556021258234978
hemoglobin_low,logistic_l1,ecg_max,0.24365098774433136
hemoglobin_low,logistic_l1,ecg_min,0.0
hemoglobin_low,logistic_l1,ecg_ptp,0.3492830693721771
hemoglobin_low,logistic_l1,ecg_rms,0.27182599902153015
hemoglobin_low,logistic_l1,ecg_skewness,0.5946822762489319
hemoglobin_low,logistic_l1,ecg_kurtosis,1.297916293144226
hemoglobin_low,logistic_l1,ecg_zero_crossing_rate,0.5350359082221985
hemoglobin_low,logistic_l1,ecg_mean_abs,0.0
hemoglobin_low,logistic_l1,ecg_total_power,0.14461620151996613
hemoglobin_low,logistic_l1,ecg_vlf_power,0.0
hemoglobin_low,logistic_l1,ecg_lf_power,0.0
hemoglobin_low,logistic_l1,ecg_hf_power,0.0
hemoglobin_low,logistic_l1,ecg_vlf_norm,0.0
hemoglobin_low,logistic_l1,ecg_lf_norm,0.49913737177848816
hemoglobin_low,logistic_l1,ecg_hf_norm,0.17477934062480927
hemoglobin_low,logistic_l1,ecg_lf_hf_ratio,0.1510169506072998
hemoglobin_low,logistic_l1,ecg_spectral_centroid,0.5114863514900208
hemoglobin_low,random_forest,hr,0.0263517590531302
hemoglobin_low,random_forest,sdnn,0.03832007002914332
hemoglobin_low,random_forest,rmssd,0.0461673710634305
hemoglobin_low,random_forest,pnn50,0.023961979264607414
hemoglobin_low,random_forest,n_rr,0.027715606617267564
hemoglobin_low,random_forest,ecg_max,0.06878809337521434
hemoglobin_low,random_forest,ecg_min,0.06782015612900215
hemoglobin_low,random_forest,ecg_ptp,0.07747750875078253
hemoglobin_low,random_forest,ecg_rms,0.013067190339873209
hemoglobin_low,random_forest,ecg_skewness,0.07973069918589108
hemoglobin_low,random_forest,ecg_kurtosis,0.08812089448310856
hemoglobin_low,random_forest,ecg_zero_crossing_rate,0.04792998295913254
hemoglobin_low,random_forest,ecg_mean_abs,0.0618695472015716
hemoglobin_low,random_forest,ecg_total_power,0.04637462054062179
hemoglobin_low,random_forest,ecg_vlf_power,0.0
hemoglobin_low,random_forest,ecg_lf_power,0.047452603492315816
hemoglobin_low,random_forest,ecg_hf_power,0.04027745176694524
hemoglobin_low,random_forest,ecg_vlf_norm,0.0
hemoglobin_low,random_forest,ecg_lf_norm,0.04686819977121538
hemoglobin_low,random_forest,ecg_hf_norm,0.04912851375506851
hemoglobin_low,random_forest,ecg_lf_hf_ratio,0.05517934987879245
hemoglobin_low,random_forest,ecg_spectral_centroid,0.047398402342885816
hemoglobin_low,mlp,hr,0.0
hemoglobin_low,mlp,sdnn,0.0
hemoglobin_low,mlp,rmssd,0.0
hemoglobin_low,mlp,pnn50,0.0
hemoglobin_low,mlp,n_rr,0.0
hemoglobin_low,mlp,ecg_max,0.0
hemoglobin_low,mlp,ecg_min,0.0
hemoglobin_low,mlp,ecg_ptp,0.0
hemoglobin_low,mlp,ecg_rms,0.0
hemoglobin_low,mlp,ecg_skewness,0.0
hemoglobin_low,mlp,ecg_kurtosis,0.0
hemoglobin_low,mlp,ecg_zero_crossing_rate,0.0
hemoglobin_low,mlp,ecg_mean_abs,0.0
hemoglobin_low,mlp,ecg_total_power,0.0
hemoglobin_low,mlp,ecg_vlf_power,0.0
hemoglobin_low,mlp,ecg_lf_power,0.0
hemoglobin_low,mlp,ecg_hf_power,0.0
hemoglobin_low,mlp,ecg_vlf_norm,0.0
hemoglobin_low,mlp,ecg_lf_norm,0.0
hemoglobin_low,mlp,ecg_hf_norm,0.0
hemoglobin_low,mlp,ecg_lf_hf_ratio,0.0
hemoglobin_low,mlp,ecg_spectral_centroid,0.0
